Date,symbol,ltp,high,low,open,close,ycp,trade,value,volume
2024-04-15,BRACBANK,37.6,39.0,36.7,39.0,37.6,38.5,622.0,14.947,400467.0
2024-04-16,BRACBANK,38.0,38.3,37.3,38.3,38.0,37.6,804.0,32.518,858635.0
2024-04-17,BRACBANK,37.8,38.0,37.6,38.0,37.8,38.0,327.0,10.164,268805.0
2024-04-18,BRACBANK,37.3,38.0,37.0,37.7,37.1,37.8,287.0,10.803,290826.0
2024-04-19,BRACBANK,37.3,38.0,37.0,37.7,37.1,37.8,287.0,10.803,290826.0
2024-04-20,BRACBANK,37.3,38.0,37.0,37.7,37.1,37.8,287.0,10.803,290826.0
2024-04-21,BRACBANK,37.4,37.5,36.8,37.0,37.4,37.1,259.0,14.151,381428.0
2024-04-22,BRACBANK,37.6,37.9,37.4,37.4,37.6,37.4,242.0,11.296,300000.0
2024-04-23,BRACBANK,37.9,38.7,37.6,37.6,37.9,37.6,581.0,22.709,595971.0
2024-04-24,BRACBANK,37.9,38.2,37.3,37.9,37.9,37.9,456.0,17.006,449316.0
2024-04-25,BRACBANK,37.1,38.0,36.8,37.7,37.1,37.9,385.0,18.349,494057.0
2024-04-26,BRACBANK,37.1,38.0,36.8,37.7,37.1,37.9,385.0,18.349,494057.0
2024-04-27,BRACBANK,37.1,38.0,36.8,37.7,37.1,37.9,385.0,18.349,494057.0
2024-04-28,BRACBANK,38.4,38.6,37.1,37.1,38.4,37.1,341.0,33.214,868539.0
2024-04-29,BRACBANK,38.6,38.9,38.0,38.7,38.6,38.4,328.0,20.044,521448.0
2024-04-30,BRACBANK,38.3,38.9,38.0,38.3,38.7,38.6,670.0,15.104,392021.0
2024-05-01,BRACBANK,38.3,38.9,38.0,38.3,38.7,38.6,670.0,15.104,392021.0
2024-05-02,BRACBANK,38.9,38.9,38.2,38.8,38.9,38.7,675.0,20.837,537672.0
2024-05-03,BRACBANK,38.9,38.9,38.2,38.8,38.9,38.7,675.0,20.837,537672.0
2024-05-04,BRACBANK,38.9,38.9,38.2,38.8,38.9,38.7,675.0,20.837,537672.0
2024-05-05,BRACBANK,39.4,39.6,38.0,38.0,39.4,38.9,550.0,25.886,662869.0
2024-05-06,BRACBANK,38.8,39.7,38.6,39.5,38.8,39.4,663.0,26.083,667751.0
2024-05-07,BRACBANK,0.0,0.0,0.0,0.0,38.8,38.8,0.0,0.0,0.0
2024-05-08,BRACBANK,37.7,39.0,37.7,38.8,37.7,38.8,331.0,50.019,1322389.0
2024-05-09,BRACBANK,36.9,37.7,36.8,37.7,36.9,37.7,369.0,36.418,984226.0
2024-05-10,BRACBANK,36.9,37.7,36.8,37.7,36.9,37.7,369.0,36.418,984226.0
2024-05-11,BRACBANK,36.9,37.7,36.8,37.7,36.9,37.7,369.0,36.418,984226.0
2024-05-12,BRACBANK,38.2,38.7,37.0,37.0,38.2,36.9,341.0,22.329,588298.0
2024-05-13,BRACBANK,38.0,38.6,37.7,38.1,38.0,38.2,252.0,19.24,506270.0
2024-05-14,BRACBANK,38.0,38.6,37.6,38.1,37.9,38.0,256.0,30.41,802886.0
2024-05-15,BRACBANK,38.7,38.7,37.7,37.9,38.2,37.9,216.0,9.593,253107.0
2024-05-16,BRACBANK,38.4,38.7,37.8,38.2,38.4,38.2,330.0,17.156,448931.0
2024-05-17,BRACBANK,38.4,38.7,37.8,38.2,38.4,38.2,330.0,17.156,448931.0
2024-05-18,BRACBANK,38.4,38.7,37.8,38.2,38.4,38.2,330.0,17.156,448931.0
2024-05-19,BRACBANK,0.0,0.0,0.0,0.0,38.4,38.4,0.0,0.0,0.0
2024-05-20,BRACBANK,35.6,35.7,33.9,33.9,35.6,38.4,343.0,11.875,344203.0
2024-05-21,BRACBANK,36.2,36.4,35.2,35.8,36.2,35.6,750.0,42.081,1166412.0
2024-05-22,BRACBANK,36.2,36.4,35.2,35.8,36.2,35.6,750.0,42.081,1166412.0
2024-05-23,BRACBANK,35.3,36.2,35.2,35.9,35.3,36.2,773.0,25.674,715067.0
2024-05-24,BRACBANK,35.3,36.2,35.2,35.9,35.3,36.2,773.0,25.674,715067.0
2024-05-25,BRACBANK,35.3,36.2,35.2,35.9,35.3,36.2,773.0,25.674,715067.0
2024-05-26,BRACBANK,34.7,35.9,34.3,35.9,34.7,35.3,323.0,22.418,649062.0
2024-05-27,BRACBANK,34.7,35.6,33.9,34.7,34.5,34.7,418.0,21.503,618297.0
2024-05-28,BRACBANK,34.0,35.4,33.9,35.4,34.0,34.5,352.0,14.038,406047.0
2024-05-29,BRACBANK,34.4,35.9,33.5,35.9,34.4,34.0,255.0,9.785,287243.0
2024-05-30,BRACBANK,33.7,34.8,33.5,34.8,33.7,34.4,496.0,20.765,610667.0
2024-05-31,BRACBANK,33.7,34.8,33.5,34.8,33.7,34.4,496.0,20.765,610667.0
2024-06-01,BRACBANK,33.7,34.8,33.5,34.8,33.7,34.4,496.0,20.765,610667.0
2024-06-02,BRACBANK,34.8,34.8,33.6,34.3,34.6,33.7,230.0,7.621,221303.0
2024-06-03,BRACBANK,33.9,34.5,33.7,34.5,33.9,34.6,320.0,26.751,788588.0
2024-06-04,BRACBANK,34.0,34.1,33.8,33.9,33.8,33.9,327.0,17.107,503964.0
2024-06-05,BRACBANK,34.5,34.5,33.8,33.9,34.2,33.8,240.0,8.484,249284.0
2024-06-06,BRACBANK,33.9,34.3,33.7,34.0,33.9,34.2,293.0,49.706,1464091.0
2024-06-07,BRACBANK,33.9,34.3,33.7,34.0,33.9,34.2,293.0,49.706,1464091.0
2024-06-08,BRACBANK,33.9,34.3,33.7,34.0,33.9,34.2,293.0,49.706,1464091.0
2024-06-09,BRACBANK,33.7,34.5,33.2,34.5,33.7,33.9,334.0,19.39,576164.0
2024-06-10,BRACBANK,33.3,33.7,33.0,33.7,33.3,33.7,612.0,55.829,1677685.0
2024-06-11,BRACBANK,33.3,34.2,32.4,34.2,33.2,33.3,412.0,110.261,3313140.0
2024-06-12,BRACBANK,33.6,34.0,32.6,32.6,33.6,33.2,594.0,34.279,1019459.0
2024-06-13,BRACBANK,34.0,34.0,33.5,34.0,34.0,33.6,228.0,19.592,576709.0
2024-06-14,BRACBANK,34.0,34.0,33.5,34.0,34.0,33.6,228.0,19.592,576709.0
2024-06-15,BRACBANK,34.0,34.0,33.5,34.0,34.0,33.6,228.0,19.592,576709.0
2024-06-16,BRACBANK,34.0,34.0,33.5,34.0,34.0,33.6,228.0,19.592,576709.0
2024-06-17,BRACBANK,34.0,34.0,33.5,34.0,34.0,33.6,228.0,19.592,576709.0
2024-06-18,BRACBANK,34.0,34.0,33.5,34.0,34.0,33.6,228.0,19.592,576709.0
2024-06-19,BRACBANK,33.8,34.0,33.1,34.0,33.8,34.0,164.0,11.449,341127.0
2024-06-20,BRACBANK,34.2,34.2,33.8,33.8,34.2,33.8,283.0,25.688,754303.0
2024-06-21,BRACBANK,34.2,34.2,33.8,33.8,34.2,33.8,283.0,25.688,754303.0
2024-06-22,BRACBANK,34.2,34.2,33.8,33.8,34.2,33.8,283.0,25.688,754303.0
2024-06-23,BRACBANK,33.9,34.6,33.9,34.1,33.9,34.2,228.0,22.212,651309.0
2024-06-24,BRACBANK,34.4,34.4,33.9,34.4,34.1,33.9,413.0,18.362,539741.0
2024-06-25,BRACBANK,34.6,34.9,33.6,34.1,34.5,34.1,403.0,138.505,4019143.0
2024-06-26,BRACBANK,34.6,34.9,34.5,34.9,34.6,34.5,295.0,93.254,2693594.0
2024-06-27,BRACBANK,34.8,34.8,34.6,34.7,34.8,34.6,351.0,53.642,1543378.0
2024-06-28,BRACBANK,34.8,34.8,34.6,34.7,34.8,34.6,351.0,53.642,1543378.0
2024-06-29,BRACBANK,34.8,34.8,34.6,34.7,34.8,34.6,351.0,53.642,1543378.0
2024-06-30,BRACBANK,34.3,34.8,33.8,34.4,34.3,34.8,393.0,23.057,667806.0
2024-07-01,BRACBANK,34.3,34.8,33.8,34.4,34.3,34.8,393.0,23.057,667806.0
2024-07-02,BRACBANK,34.5,34.8,34.0,34.0,34.5,34.3,249.0,51.945,1512327.0
2024-07-03,BRACBANK,34.7,34.8,34.4,34.7,34.7,34.5,225.0,13.166,380918.0
2024-07-04,BRACBANK,36.4,36.5,34.5,34.5,36.4,34.7,991.0,199.438,5635814.0
2024-07-05,BRACBANK,36.4,36.5,34.5,34.5,36.4,34.7,991.0,199.438,5635814.0
2024-07-06,BRACBANK,36.4,36.5,34.5,34.5,36.4,34.7,991.0,199.438,5635814.0
2024-07-07,BRACBANK,36.9,37.3,36.1,36.4,36.9,36.4,1146.0,85.85,2334689.0
2024-07-08,BRACBANK,36.6,37.2,36.4,36.9,36.6,36.9,477.0,87.249,2384376.0
2024-07-09,BRACBANK,36.6,37.0,36.1,36.7,36.6,36.6,501.0,40.455,1107908.0
2024-07-10,BRACBANK,36.8,37.3,36.6,36.9,36.8,36.6,1036.0,88.429,2398636.0
2024-07-11,BRACBANK,36.7,37.3,36.4,36.9,36.7,36.8,880.0,105.396,2856657.0
2024-07-12,BRACBANK,36.7,37.3,36.4,36.9,36.7,36.8,880.0,105.396,2856657.0
2024-07-13,BRACBANK,36.7,37.3,36.4,36.9,36.7,36.8,880.0,105.396,2856657.0
2024-07-14,BRACBANK,36.6,37.1,36.3,37.1,36.6,36.7,501.0,26.744,732425.0
2024-07-15,BRACBANK,36.6,36.7,36.4,36.7,36.6,36.6,395.0,33.535,916572.0
2024-07-16,BRACBANK,37.0,37.1,36.4,36.9,37.0,36.6,381.0,23.825,646406.0
2024-07-17,BRACBANK,37.0,37.1,36.4,36.9,37.0,36.6,381.0,23.825,646406.0
2024-07-18,BRACBANK,39.1,40.7,36.5,37.4,39.1,37.0,1191.0,69.36,1808887.0
2024-07-19,BRACBANK,39.1,40.7,36.5,37.4,39.1,37.0,1191.0,69.36,1808887.0
2024-07-20,BRACBANK,39.1,40.7,36.5,37.4,39.1,37.0,1191.0,69.36,1808887.0
2024-07-21,BRACBANK,39.1,40.7,36.5,37.4,39.1,37.0,1191.0,69.36,1808887.0
2024-07-22,BRACBANK,39.1,40.7,36.5,37.4,39.1,37.0,1191.0,69.36,1808887.0
2024-07-23,BRACBANK,39.1,40.7,36.5,37.4,39.1,37.0,1191.0,69.36,1808887.0
2024-07-24,BRACBANK,38.0,39.0,38.0,38.0,38.0,39.1,164.0,45.233,1190166.0
2024-07-25,BRACBANK,38.1,39.0,37.5,37.5,38.1,38.0,1062.0,87.401,2299149.0
2024-07-26,BRACBANK,38.1,39.0,37.5,37.5,38.1,38.0,1062.0,87.401,2299149.0
2024-07-27,BRACBANK,38.1,39.0,37.5,37.5,38.1,38.0,1062.0,87.401,2299149.0
2024-07-28,BRACBANK,37.7,38.8,37.5,38.8,37.7,38.1,411.0,38.635,1019588.0
2024-07-29,BRACBANK,37.5,37.7,37.1,37.7,37.5,37.7,510.0,120.536,3219124.0
2024-07-30,BRACBANK,37.2,37.6,37.0,37.6,37.2,37.5,360.0,38.67,1037985.0
2024-07-31,BRACBANK,37.1,37.3,36.9,37.2,37.1,37.2,355.0,39.884,1075176.0
2024-08-01,BRACBANK,37.4,37.8,36.8,37.8,37.4,37.1,334.0,34.417,926008.0
2024-08-02,BRACBANK,37.4,37.8,36.8,37.8,37.4,37.1,334.0,34.417,926008.0
2024-08-03,BRACBANK,37.4,37.8,36.8,37.8,37.4,37.1,334.0,34.417,926008.0
2024-08-04,BRACBANK,36.3,36.7,36.3,36.7,36.3,37.4,129.0,2.052,56512.0
2024-08-05,BRACBANK,36.3,36.7,36.3,36.7,36.3,37.4,129.0,2.052,56512.0
2024-08-06,BRACBANK,39.3,39.9,36.6,36.6,38.9,36.3,1346.0,152.196,3867789.0
2024-08-07,BRACBANK,42.7,42.7,40.5,40.5,42.7,38.9,1494.0,119.377,2857016.0
2024-08-08,BRACBANK,46.9,46.9,43.1,45.9,46.9,42.7,1718.0,290.249,6225172.0
2024-08-09,BRACBANK,46.9,46.9,43.1,45.9,46.9,42.7,1718.0,290.249,6225172.0
2024-08-10,BRACBANK,46.9,46.9,43.1,45.9,46.9,42.7,1718.0,290.249,6225172.0
2024-08-11,BRACBANK,49.6,51.5,47.3,50.9,49.6,46.9,3810.0,608.096,12000789.0
2024-08-12,BRACBANK,48.2,52.7,48.2,50.0,48.2,49.6,3370.0,492.863,9975915.0
2024-08-13,BRACBANK,49.8,50.2,46.8,48.2,49.8,48.2,3837.0,538.812,11056486.0
2024-08-14,BRACBANK,54.4,54.6,50.5,50.5,54.4,49.8,5411.0,724.9,13628632.0
2024-08-15,BRACBANK,53.1,56.3,52.9,54.8,53.1,54.4,5182.0,677.356,12489257.0
2024-08-16,BRACBANK,53.1,56.3,52.9,54.8,53.1,54.4,5182.0,677.356,12489257.0
2024-08-17,BRACBANK,53.1,56.3,52.9,54.8,53.1,54.4,5182.0,677.356,12489257.0
2024-08-18,BRACBANK,51.6,53.4,51.6,53.0,51.6,53.1,2034.0,216.574,4167382.0
2024-08-19,BRACBANK,52.1,53.4,50.7,52.0,52.1,51.6,4314.0,754.916,14365186.0
2024-08-20,BRACBANK,52.4,53.2,51.5,53.0,52.4,52.1,2416.0,370.008,7041334.0
2024-08-21,BRACBANK,51.2,52.5,50.9,52.5,51.2,52.4,2374.0,403.19,7895067.0
2024-08-22,BRACBANK,53.2,53.4,50.7,51.0,53.2,51.2,2831.0,369.175,7025830.0
2024-08-23,BRACBANK,53.2,53.4,50.7,51.0,53.2,51.2,2831.0,369.175,7025830.0
2024-08-24,BRACBANK,53.2,53.4,50.7,51.0,53.2,51.2,2831.0,369.175,7025830.0
2024-08-25,BRACBANK,52.4,54.2,52.1,53.3,52.4,53.2,2068.0,205.174,3894131.0
2024-08-26,BRACBANK,52.4,54.2,52.1,53.3,52.4,53.2,2068.0,205.174,3894131.0
2024-08-27,BRACBANK,52.6,53.0,51.2,52.5,52.6,52.4,1594.0,167.005,3207767.0
2024-08-28,BRACBANK,53.5,54.1,52.5,52.7,53.5,52.6,2654.0,475.801,8886279.0
2024-08-29,BRACBANK,53.6,54.1,53.0,53.2,53.6,53.5,1645.0,263.184,4891966.0
2024-08-30,BRACBANK,53.6,54.1,53.0,53.2,53.6,53.5,1645.0,263.184,4891966.0
2024-08-31,BRACBANK,53.6,54.1,53.0,53.2,53.6,53.5,1645.0,263.184,4891966.0
2024-09-01,BRACBANK,53.8,54.0,52.8,53.6,53.6,53.6,1503.0,200.8,3765198.0
2024-09-02,BRACBANK,57.5,58.9,53.6,53.6,57.5,53.6,5929.0,852.654,15151593.0
2024-09-03,BRACBANK,56.7,58.1,56.2,58.0,56.7,57.5,2732.0,341.895,5972470.0
2024-09-04,BRACBANK,55.9,56.7,55.6,56.7,55.9,56.7,2615.0,475.948,8487632.0
2024-09-05,BRACBANK,56.2,56.6,55.2,56.2,56.2,55.9,1851.0,147.515,2636129.0
2024-09-06,BRACBANK,56.2,56.6,55.2,56.2,56.2,55.9,1851.0,147.515,2636129.0
2024-09-07,BRACBANK,56.2,56.6,55.2,56.2,56.2,55.9,1851.0,147.515,2636129.0
2024-09-08,BRACBANK,56.7,58.0,56.4,56.5,56.7,56.2,2692.0,280.285,4908214.0
2024-09-09,BRACBANK,56.3,57.4,56.0,56.3,56.3,56.7,1773.0,170.885,3018273.0
2024-09-10,BRACBANK,56.4,56.8,55.9,56.8,56.4,56.3,1537.0,217.261,3862055.0
2024-09-11,BRACBANK,56.0,56.9,55.8,56.8,56.0,56.4,1270.0,126.357,2252322.0
2024-09-12,BRACBANK,55.2,56.2,55.1,56.0,55.2,56.0,1609.0,176.653,3182049.0
2024-09-13,BRACBANK,55.2,56.2,55.1,56.0,55.2,56.0,1609.0,176.653,3182049.0
2024-09-14,BRACBANK,55.2,56.2,55.1,56.0,55.2,56.0,1609.0,176.653,3182049.0
2024-09-15,BRACBANK,54.5,55.4,54.4,55.2,54.5,55.2,1536.0,138.637,2534248.0
2024-09-16,BRACBANK,54.5,55.4,54.4,55.2,54.5,55.2,1536.0,138.637,2534248.0
2024-09-17,BRACBANK,53.9,54.8,53.8,54.3,53.9,54.5,1100.0,97.513,1801717.0
2024-09-18,BRACBANK,54.6,54.9,53.7,54.5,54.6,53.9,1355.0,223.56,4100767.0
2024-09-19,BRACBANK,54.9,55.4,54.7,54.9,54.9,54.6,1477.0,111.451,2024347.0
2024-09-20,BRACBANK,54.9,55.4,54.7,54.9,54.9,54.6,1477.0,111.451,2024347.0
2024-09-21,BRACBANK,54.9,55.4,54.7,54.9,54.9,54.6,1477.0,111.451,2024347.0
2024-09-22,BRACBANK,55.6,56.4,55.0,55.0,55.6,54.9,2114.0,171.021,3067243.0
2024-09-23,BRACBANK,56.3,56.4,55.5,56.0,56.3,55.6,2514.0,441.54,7893216.0
2024-09-24,BRACBANK,56.2,57.5,55.6,56.6,56.2,56.3,2646.0,409.333,7269916.0
2024-09-25,BRACBANK,56.7,58.2,56.4,56.5,56.7,56.2,6377.0,1138.285,19878967.0
2024-09-26,BRACBANK,55.1,56.8,54.6,56.7,55.1,56.7,2669.0,243.663,4374793.0
2024-09-27,BRACBANK,55.1,56.8,54.6,56.7,55.1,56.7,2669.0,243.663,4374793.0
2024-09-28,BRACBANK,55.1,56.8,54.6,56.7,55.1,56.7,2669.0,243.663,4374793.0
2024-09-29,BRACBANK,54.3,55.6,54.1,55.1,54.3,55.1,2660.0,264.834,4855456.0
2024-09-30,BRACBANK,54.2,54.7,53.7,54.3,54.2,54.3,1771.0,174.946,3237647.0
2024-10-01,BRACBANK,55.1,55.3,54.3,54.3,55.1,54.2,1545.0,141.013,2565784.0
2024-10-02,BRACBANK,54.2,55.0,53.8,55.0,54.2,55.1,1505.0,168.71,3098843.0
2024-10-03,BRACBANK,54.6,54.7,53.3,54.4,54.6,54.2,1159.0,93.074,1717054.0
2024-10-04,BRACBANK,54.6,54.7,53.3,54.4,54.6,54.2,1159.0,93.074,1717054.0
2024-10-05,BRACBANK,54.6,54.7,53.3,54.4,54.6,54.2,1159.0,93.074,1717054.0
2024-10-06,BRACBANK,54.2,56.2,53.8,55.4,54.2,54.6,1136.0,123.37,2265601.0
2024-10-07,BRACBANK,52.0,54.4,51.7,54.0,52.0,54.2,1597.0,143.099,2694365.0
2024-10-08,BRACBANK,49.7,53.3,49.1,53.3,49.7,52.0,3868.0,348.715,6949438.0
2024-10-09,BRACBANK,52.1,53.0,49.9,50.3,52.1,49.7,1513.0,78.88,1540736.0
2024-10-10,BRACBANK,52.1,53.0,49.9,50.3,52.1,49.7,1513.0,78.88,1540736.0
2024-10-11,BRACBANK,52.1,53.0,49.9,50.3,52.1,49.7,1513.0,78.88,1540736.0
2024-10-12,BRACBANK,52.1,53.0,49.9,50.3,52.1,49.7,1513.0,78.88,1540736.0
2024-10-13,BRACBANK,52.1,53.0,49.9,50.3,52.1,49.7,1513.0,78.88,1540736.0
2024-10-14,BRACBANK,51.8,52.6,51.6,52.4,51.8,52.1,1557.0,112.262,2160272.0
2024-10-15,BRACBANK,52.3,52.6,51.3,52.0,52.3,51.8,1223.0,90.128,1732329.0
2024-10-16,BRACBANK,51.5,52.7,51.3,52.1,51.5,52.3,1034.0,70.066,1351330.0
2024-10-17,BRACBANK,49.6,52.0,49.3,51.4,49.6,51.5,1377.0,102.536,2039650.0
2024-10-18,BRACBANK,49.6,52.0,49.3,51.4,49.6,51.5,1377.0,102.536,2039650.0
2024-10-19,BRACBANK,49.6,52.0,49.3,51.4,49.6,51.5,1377.0,102.536,2039650.0
2024-10-20,BRACBANK,47.1,50.5,46.9,49.9,47.1,49.6,2199.0,125.154,2591298.0
2024-10-21,BRACBANK,48.1,48.3,45.5,47.3,48.1,47.1,1600.0,99.441,2107610.0
2024-10-22,BRACBANK,48.8,49.5,48.3,48.7,48.8,48.1,1227.0,66.755,1365006.0
2024-10-23,BRACBANK,47.5,49.2,47.3,48.8,47.5,48.8,1308.0,75.743,1571151.0
2024-10-24,BRACBANK,47.3,47.7,46.5,47.3,47.3,47.5,991.0,64.116,1365037.0
2024-10-25,BRACBANK,47.3,47.7,46.5,47.3,47.3,47.5,991.0,64.116,1365037.0
2024-10-26,BRACBANK,47.3,47.7,46.5,47.3,47.3,47.5,991.0,64.116,1365037.0
2024-10-27,BRACBANK,46.9,47.9,46.8,47.9,46.9,47.3,754.0,47.031,999373.0
2024-10-28,BRACBANK,47.9,48.5,46.8,47.0,47.9,46.9,1142.0,71.686,1506558.0
2024-10-29,BRACBANK,49.9,50.3,48.2,48.2,49.9,47.9,2126.0,135.29,2728041.0
2024-10-30,BRACBANK,52.0,52.2,50.0,50.2,52.0,49.9,2011.0,214.649,4153939.0
2024-10-31,BRACBANK,51.6,52.1,50.2,52.0,51.6,52.0,1609.0,118.051,2296873.0
2024-11-01,BRACBANK,51.6,52.1,50.2,52.0,51.6,52.0,1609.0,118.051,2296873.0
2024-11-02,BRACBANK,51.6,52.1,50.2,52.0,51.6,52.0,1609.0,118.051,2296873.0
2024-11-03,BRACBANK,50.8,51.9,50.5,51.7,50.8,51.6,1051.0,60.288,1178125.0
2024-11-04,BRACBANK,51.5,51.9,50.3,50.8,51.5,50.8,1205.0,94.794,1855437.0
2024-11-05,BRACBANK,52.2,52.8,51.4,52.1,52.2,51.5,2170.0,188.89,3620539.0
2024-11-06,BRACBANK,51.5,52.8,51.1,52.6,51.5,52.2,1482.0,123.044,2366681.0
2024-11-07,BRACBANK,50.9,51.5,50.6,51.3,50.9,51.5,1191.0,70.041,1375601.0
2024-11-08,BRACBANK,50.9,51.5,50.6,51.3,50.9,51.5,1191.0,70.041,1375601.0
2024-11-09,BRACBANK,50.9,51.5,50.6,51.3,50.9,51.5,1191.0,70.041,1375601.0
2024-11-10,BRACBANK,51.0,51.3,50.4,50.6,51.0,50.9,812.0,46.324,912386.0
2024-11-11,BRACBANK,51.2,51.4,50.7,51.0,51.2,51.0,748.0,66.408,1300573.0
2024-11-12,BRACBANK,50.6,51.7,50.5,51.4,50.6,51.2,842.0,59.565,1169493.0
2024-11-13,BRACBANK,50.9,51.3,50.5,51.1,50.9,50.6,799.0,55.255,1087104.0
2024-11-14,BRACBANK,51.6,52.2,51.2,51.4,51.6,50.9,1146.0,95.009,1835942.0
2024-11-15,BRACBANK,51.6,52.2,51.2,51.4,51.6,50.9,1146.0,95.009,1835942.0
2024-11-16,BRACBANK,51.6,52.2,51.2,51.4,51.6,50.9,1146.0,95.009,1835942.0
2024-11-17,BRACBANK,50.9,51.8,50.6,51.7,50.9,51.6,571.0,47.8,933040.0
2024-11-18,BRACBANK,50.3,51.1,50.0,51.0,50.3,50.9,889.0,50.41,996050.0
2024-11-19,BRACBANK,49.5,50.7,49.0,50.5,49.5,50.3,1064.0,54.933,1103394.0
2024-11-20,BRACBANK,49.2,50.0,48.8,50.0,49.2,49.5,1057.0,69.476,1408130.0
2024-11-21,BRACBANK,49.6,49.9,49.1,49.5,49.6,49.2,484.0,24.549,496614.0
2024-11-22,BRACBANK,49.6,49.9,49.1,49.5,49.6,49.2,484.0,24.549,496614.0
2024-11-23,BRACBANK,49.6,49.9,49.1,49.5,49.6,49.2,484.0,24.549,496614.0
2024-11-24,BRACBANK,48.7,49.6,48.5,49.0,48.7,49.6,674.0,41.895,855270.0
2024-11-25,BRACBANK,47.8,49.4,47.2,48.9,47.8,48.7,924.0,55.219,1143453.0
2024-11-26,BRACBANK,47.5,48.6,47.1,48.0,47.5,47.8,811.0,35.474,745091.0
2024-11-27,BRACBANK,48.9,49.0,47.4,48.5,48.6,47.5,881.0,57.617,1196317.0
2024-11-28,BRACBANK,48.3,49.6,47.9,49.0,48.3,48.6,781.0,59.615,1218394.0
2024-11-29,BRACBANK,48.3,49.6,47.9,49.0,48.3,48.6,781.0,59.615,1218394.0
2024-11-30,BRACBANK,48.3,49.6,47.9,49.0,48.3,48.6,781.0,59.615,1218394.0
2024-12-01,BRACBANK,48.1,48.5,47.8,48.3,48.1,48.3,440.0,20.703,429926.0
2024-12-02,BRACBANK,48.3,48.7,47.9,48.1,48.3,48.1,819.0,59.357,1228863.0
2024-12-03,BRACBANK,47.9,48.6,47.5,48.4,47.9,48.3,1394.0,85.208,1771917.0
2024-12-04,BRACBANK,48.1,48.6,48.0,48.2,48.1,47.9,667.0,69.231,1431444.0
2024-12-05,BRACBANK,47.9,48.4,47.8,48.2,47.9,48.1,568.0,61.567,1280491.0
2024-12-06,BRACBANK,47.9,48.4,47.8,48.2,47.9,48.1,568.0,61.567,1280491.0
2024-12-07,BRACBANK,47.9,48.4,47.8,48.2,47.9,48.1,568.0,61.567,1280491.0
2024-12-08,BRACBANK,48.0,48.1,47.4,47.8,48.0,47.9,465.0,43.799,917387.0
2024-12-09,BRACBANK,47.9,48.2,47.8,48.0,47.9,48.0,510.0,24.092,502120.0
2024-12-10,BRACBANK,48.5,49.5,48.0,48.2,48.5,47.9,872.0,69.557,1428360.0
2024-12-11,BRACBANK,48.2,48.7,48.1,48.5,48.2,48.5,388.0,28.183,583039.0
2024-12-12,BRACBANK,48.3,48.6,48.0,48.1,48.3,48.2,298.0,14.824,307205.0
2024-12-13,BRACBANK,48.3,48.6,48.0,48.1,48.3,48.2,298.0,14.824,307205.0
2024-12-14,BRACBANK,48.3,48.6,48.0,48.1,48.3,48.2,298.0,14.824,307205.0
2024-12-15,BRACBANK,48.6,49.0,48.1,48.1,48.6,48.3,415.0,28.962,595937.0
2024-12-16,BRACBANK,48.6,49.0,48.1,48.1,48.6,48.3,415.0,28.962,595937.0
2024-12-17,BRACBANK,49.0,49.3,48.6,48.6,49.0,48.6,657.0,54.639,1116441.0
2024-12-18,BRACBANK,48.7,49.0,48.5,48.9,48.7,49.0,406.0,27.731,568686.0
2024-12-19,BRACBANK,48.3,48.9,48.2,48.7,48.3,48.7,407.0,28.609,590555.0
2024-12-20,BRACBANK,48.3,48.9,48.2,48.7,48.3,48.7,407.0,28.609,590555.0
2024-12-21,BRACBANK,48.3,48.9,48.2,48.7,48.3,48.7,407.0,28.609,590555.0
2024-12-22,BRACBANK,48.6,48.8,48.3,48.3,48.6,48.3,313.0,17.82,367095.0
2024-12-23,BRACBANK,48.6,48.8,48.4,48.4,48.6,48.6,276.0,23.066,474561.0
2024-12-24,BRACBANK,48.8,48.8,48.4,48.5,48.6,48.6,260.0,28.305,582565.0
2024-12-25,BRACBANK,48.8,48.8,48.4,48.5,48.6,48.6,260.0,28.305,582565.0
2024-12-26,BRACBANK,48.8,48.9,48.3,48.8,48.8,48.6,286.0,21.327,438868.0
2024-12-27,BRACBANK,48.8,48.9,48.3,48.8,48.8,48.6,286.0,21.327,438868.0
2024-12-28,BRACBANK,48.8,48.9,48.3,48.8,48.8,48.6,286.0,21.327,438868.0
2024-12-29,BRACBANK,48.7,49.4,48.6,48.8,48.7,48.8,430.0,38.226,781803.0
2024-12-30,BRACBANK,49.0,49.2,48.7,48.9,49.0,48.7,336.0,27.723,567082.0
2024-12-31,BRACBANK,49.0,49.2,48.7,48.9,49.0,48.7,336.0,27.723,567082.0
2025-01-01,BRACBANK,49.5,49.5,48.8,49.0,49.4,49.0,488.0,27.123,549937.0
2025-01-02,BRACBANK,50.5,50.8,49.5,49.5,50.5,49.4,1119.0,58.947,1172954.0
2025-01-03,BRACBANK,50.5,50.8,49.5,49.5,50.5,49.4,1119.0,58.947,1172954.0
2025-01-04,BRACBANK,50.5,50.8,49.5,49.5,50.5,49.4,1119.0,58.947,1172954.0
2025-01-05,BRACBANK,50.3,51.3,50.2,50.5,50.3,50.5,798.0,46.287,915438.0
2025-01-06,BRACBANK,49.9,50.3,49.7,50.3,49.9,50.3,668.0,46.861,939089.0
2025-01-07,BRACBANK,49.9,50.3,49.8,50.2,49.9,49.9,598.0,55.273,1105330.0
2025-01-08,BRACBANK,49.8,50.1,49.7,49.9,49.8,49.9,400.0,26.982,540671.0
2025-01-09,BRACBANK,50.0,50.2,49.8,50.0,50.0,49.8,383.0,19.971,399949.0
2025-01-10,BRACBANK,50.0,50.2,49.8,50.0,50.0,49.8,383.0,19.971,399949.0
2025-01-11,BRACBANK,50.0,50.2,49.8,50.0,50.0,49.8,383.0,19.971,399949.0
2025-01-12,BRACBANK,49.0,50.0,48.9,50.0,49.0,50.0,558.0,29.446,595586.0
2025-01-13,BRACBANK,49.0,49.8,48.8,49.5,49.0,49.0,483.0,55.366,1128463.0
2025-01-14,BRACBANK,49.3,49.6,49.1,49.2,49.3,49.0,389.0,45.837,927800.0
2025-01-15,BRACBANK,49.0,49.6,48.9,49.4,49.0,49.3,546.0,58.268,1185739.0
2025-01-16,BRACBANK,48.8,49.4,48.5,49.0,48.8,49.0,443.0,49.346,1011634.0
2025-01-17,BRACBANK,48.8,49.4,48.5,49.0,48.8,49.0,443.0,49.346,1011634.0
2025-01-18,BRACBANK,48.8,49.4,48.5,49.0,48.8,49.0,443.0,49.346,1011634.0
2025-01-19,BRACBANK,48.8,48.9,48.6,48.6,48.8,48.8,354.0,18.57,380956.0
2025-01-20,BRACBANK,49.0,49.3,48.8,48.8,49.0,48.8,424.0,71.961,1468059.0
2025-01-21,BRACBANK,49.4,50.0,49.0,49.0,49.4,49.0,484.0,71.875,1452018.0
2025-01-22,BRACBANK,50.1,50.3,49.2,49.6,50.1,49.4,1135.0,114.055,2291931.0
2025-01-23,BRACBANK,50.3,50.5,49.9,50.0,50.3,50.1,366.0,21.608,430630.0
2025-01-24,BRACBANK,50.3,50.5,49.9,50.0,50.3,50.1,366.0,21.608,430630.0
2025-01-25,BRACBANK,50.3,50.5,49.9,50.0,50.3,50.1,366.0,21.608,430630.0
2025-01-26,BRACBANK,49.8,50.4,49.6,50.2,49.8,50.3,375.0,21.431,430869.0
2025-01-27,BRACBANK,50.0,50.1,49.5,50.0,50.0,49.8,425.0,35.771,717004.0
2025-01-28,BRACBANK,50.6,50.7,49.7,49.7,50.6,50.0,1091.0,137.944,2737378.0
2025-01-29,BRACBANK,50.7,50.8,50.3,50.6,50.7,50.6,460.0,72.727,1438202.0
2025-01-30,BRACBANK,51.8,52.0,50.7,50.8,51.8,50.7,1129.0,126.596,2459399.0
2025-01-31,BRACBANK,51.8,52.0,50.7,50.8,51.8,50.7,1129.0,126.596,2459399.0
2025-02-01,BRACBANK,51.8,52.0,50.7,50.8,51.8,50.7,1129.0,126.596,2459399.0
2025-02-02,BRACBANK,51.5,52.2,51.2,52.0,51.5,51.8,962.0,80.563,1557244.0
2025-02-03,BRACBANK,51.5,52.1,51.4,51.5,51.5,51.5,710.0,56.034,1083555.0
2025-02-04,BRACBANK,50.7,51.7,50.3,51.7,50.7,51.5,957.0,59.182,1159702.0
2025-02-05,BRACBANK,51.1,51.4,50.7,51.0,51.1,50.7,593.0,38.532,754537.0
2025-02-06,BRACBANK,51.1,51.7,51.0,51.5,51.1,51.1,514.0,31.199,609187.0
2025-02-07,BRACBANK,51.1,51.7,51.0,51.5,51.1,51.1,514.0,31.199,609187.0
2025-02-08,BRACBANK,51.1,51.7,51.0,51.5,51.1,51.1,514.0,31.199,609187.0
2025-02-09,BRACBANK,51.1,51.3,50.9,51.2,51.1,51.1,449.0,41.69,816179.0
2025-02-10,BRACBANK,51.0,51.2,50.9,51.0,51.0,51.1,338.0,36.768,720186.0
2025-02-11,BRACBANK,51.5,51.7,50.7,50.7,51.5,51.0,584.0,44.2,859676.0
2025-02-12,BRACBANK,51.6,51.9,51.1,51.7,51.6,51.5,438.0,23.763,462013.0
2025-02-13,BRACBANK,51.9,52.3,51.3,51.3,51.9,51.6,874.0,69.149,1333002.0
2025-02-14,BRACBANK,51.9,52.3,51.3,51.3,51.9,51.6,874.0,69.149,1333002.0
2025-02-15,BRACBANK,51.9,52.3,51.3,51.3,51.9,51.6,874.0,69.149,1333002.0
2025-02-16,BRACBANK,53.1,53.2,51.9,52.4,53.1,51.9,1189.0,135.657,2572281.0
2025-02-17,BRACBANK,53.8,54.1,53.1,53.1,53.8,53.1,1014.0,112.257,2087116.0
2025-02-18,BRACBANK,53.2,54.1,53.0,53.7,53.2,53.8,816.0,69.639,1298824.0
2025-02-19,BRACBANK,52.6,53.8,52.1,53.8,52.6,53.2,582.0,50.011,948910.0
2025-02-20,BRACBANK,51.9,53.0,51.8,52.5,51.9,52.6,584.0,44.595,855491.0
2025-02-21,BRACBANK,51.9,53.0,51.8,52.5,51.9,52.6,584.0,44.595,855491.0
2025-02-22,BRACBANK,51.9,53.0,51.8,52.5,51.9,52.6,584.0,44.595,855491.0
2025-02-23,BRACBANK,52.6,52.8,51.8,52.0,52.6,51.9,496.0,48.247,923079.0
2025-02-24,BRACBANK,53.4,53.7,52.5,52.9,53.4,52.6,675.0,55.337,1040120.0
2025-02-25,BRACBANK,53.4,54.1,53.1,53.8,53.4,53.4,1080.0,107.24,1998371.0
2025-02-26,BRACBANK,52.4,53.9,52.3,53.9,52.4,53.4,782.0,80.538,1525490.0
2025-02-27,BRACBANK,52.3,52.7,52.2,52.2,52.3,52.4,427.0,40.988,782786.0
2025-02-28,BRACBANK,52.3,52.7,52.2,52.2,52.3,52.4,427.0,40.988,782786.0
2025-03-01,BRACBANK,52.3,52.7,52.2,52.2,52.3,52.4,427.0,40.988,782786.0
2025-03-02,BRACBANK,52.4,52.7,52.3,52.3,52.4,52.3,295.0,26.494,505032.0
2025-03-03,BRACBANK,52.6,52.7,52.4,52.4,52.6,52.4,301.0,29.853,568163.0
2025-03-04,BRACBANK,52.0,52.8,51.9,52.5,52.0,52.6,676.0,85.069,1628913.0
2025-03-05,BRACBANK,52.0,52.2,51.8,52.2,52.0,52.0,584.0,70.669,1359671.0
2025-03-06,BRACBANK,51.9,52.2,51.8,52.0,51.9,52.0,370.0,30.349,583795.0
2025-03-07,BRACBANK,51.9,52.2,51.8,52.0,51.9,52.0,370.0,30.349,583795.0
2025-03-08,BRACBANK,51.9,52.2,51.8,52.0,51.9,52.0,370.0,30.349,583795.0
2025-03-09,BRACBANK,51.9,52.0,51.6,52.0,51.9,51.9,304.0,26.726,515272.0
2025-03-10,BRACBANK,52.0,52.4,51.6,51.7,52.1,51.9,849.0,74.272,1430223.0
2025-03-11,BRACBANK,51.9,52.3,51.7,51.9,51.9,52.1,572.0,39.447,760145.0
2025-03-12,BRACBANK,52.1,52.5,51.9,51.9,52.1,51.9,300.0,28.853,553328.0
2025-03-13,BRACBANK,52.8,52.9,52.1,52.1,52.8,52.1,479.0,39.592,753454.0
2025-03-14,BRACBANK,52.8,52.9,52.1,52.1,52.8,52.1,479.0,39.592,753454.0
2025-03-15,BRACBANK,52.8,52.9,52.1,52.1,52.8,52.1,479.0,39.592,753454.0
2025-03-16,BRACBANK,52.2,52.7,52.0,52.7,52.2,52.8,321.0,23.79,454653.0
2025-03-17,BRACBANK,52.2,52.4,52.0,52.1,52.2,52.2,230.0,20.356,390068.0
2025-03-18,BRACBANK,52.0,52.3,51.8,52.1,52.0,52.2,329.0,43.46,835368.0
2025-03-19,BRACBANK,51.8,52.0,51.7,52.0,51.8,52.0,320.0,29.912,576260.0
2025-03-20,BRACBANK,51.5,52.0,51.3,51.7,51.5,51.8,346.0,24.278,470221.0
2025-03-21,BRACBANK,51.5,52.0,51.3,51.7,51.5,51.8,346.0,24.278,470221.0
2025-03-22,BRACBANK,51.5,52.0,51.3,51.7,51.5,51.8,346.0,24.278,470221.0
2025-03-23,BRACBANK,50.8,51.9,50.5,51.9,50.8,51.5,503.0,31.724,617755.0
2025-03-24,BRACBANK,50.7,51.7,50.4,51.4,50.7,50.8,317.0,16.053,316624.0
2025-03-25,BRACBANK,50.7,51.2,50.4,50.7,50.7,50.7,247.0,12.989,255997.0
2025-03-26,BRACBANK,50.7,51.2,50.4,50.7,50.7,50.7,247.0,12.989,255997.0
2025-03-27,BRACBANK,50.9,51.0,50.6,50.6,50.9,50.7,131.0,5.426,106729.0
2025-03-28,BRACBANK,50.9,51.0,50.6,50.6,50.9,50.7,131.0,5.426,106729.0
2025-03-29,BRACBANK,50.9,51.0,50.6,50.6,50.9,50.7,131.0,5.426,106729.0
2025-03-30,BRACBANK,50.9,51.0,50.6,50.6,50.9,50.7,131.0,5.426,106729.0
2025-03-31,BRACBANK,50.9,51.0,50.6,50.6,50.9,50.7,131.0,5.426,106729.0
2025-04-01,BRACBANK,50.9,51.0,50.6,50.6,50.9,50.7,131.0,5.426,106729.0
2025-04-02,BRACBANK,50.9,51.0,50.6,50.6,50.9,50.7,131.0,5.426,106729.0
2025-04-03,BRACBANK,50.9,51.0,50.6,50.6,50.9,50.7,131.0,5.426,106729.0
2025-04-04,BRACBANK,50.9,51.0,50.6,50.6,50.9,50.7,131.0,5.426,106729.0
2025-04-05,BRACBANK,50.9,51.0,50.6,50.6,50.9,50.7,131.0,5.426,106729.0
2025-04-06,BRACBANK,50.8,50.8,50.3,50.3,50.6,50.9,346.0,19.677,389542.0
2025-04-07,BRACBANK,50.0,50.8,49.9,50.2,50.0,50.6,747.0,54.578,1084586.0
2025-04-08,BRACBANK,49.0,50.3,48.8,50.3,49.0,50.0,1040.0,38.521,781748.0
2025-04-09,BRACBANK,49.7,50.0,49.0,49.0,49.7,49.0,479.0,35.402,711944.0
2025-04-10,BRACBANK,50.1,50.2,49.7,49.9,50.1,49.7,335.0,14.086,281658.0
2025-04-11,BRACBANK,50.1,50.2,49.7,49.9,50.1,49.7,335.0,14.086,281658.0
2025-04-12,BRACBANK,50.1,50.2,49.7,49.9,50.1,49.7,335.0,14.086,281658.0
2025-04-13,BRACBANK,49.6,49.9,49.4,49.9,49.5,50.1,293.0,15.082,304204.0
2025-04-14,BRACBANK,49.6,49.9,49.4,49.9,49.5,50.1,293.0,15.082,304204.0
2025-04-15,BRACBANK,49.9,50.0,49.6,49.8,49.9,49.5,268.0,17.553,352485.0
2025-04-16,BRACBANK,49.8,50.0,49.7,49.9,49.8,49.9,276.0,24.065,482740.0
2025-04-17,BRACBANK,49.7,50.5,49.6,50.5,49.7,49.8,220.0,11.351,228428.0
2025-04-18,BRACBANK,49.7,50.5,49.6,50.5,49.7,49.8,220.0,11.351,228428.0
2025-04-19,BRACBANK,49.7,50.5,49.6,50.5,49.7,49.8,220.0,11.351,228428.0
2025-04-20,BRACBANK,49.7,50.3,49.4,50.2,49.7,49.7,330.0,14.28,287910.0
2025-04-21,BRACBANK,49.3,50.0,49.2,49.7,49.3,49.7,336.0,15.237,308102.0
2025-04-22,BRACBANK,49.6,50.0,49.4,49.6,49.6,49.3,510.0,45.064,908533.0
2025-04-23,BRACBANK,50.1,50.4,49.7,50.0,50.1,49.6,460.0,55.403,1106645.0
2025-04-24,BRACBANK,49.6,50.4,49.5,50.2,49.6,50.1,504.0,106.775,2143434.0
2025-04-25,BRACBANK,49.6,50.4,49.5,50.2,49.6,50.1,504.0,106.775,2143434.0
2025-04-26,BRACBANK,49.6,50.4,49.5,50.2,49.6,50.1,504.0,106.775,2143434.0
2025-04-27,BRACBANK,50.1,50.4,49.4,49.7,50.1,49.6,316.0,18.456,370545.0
2025-04-28,BRACBANK,49.5,50.2,49.3,50.1,49.5,50.1,375.0,57.861,1163370.0
2025-04-29,BRACBANK,49.1,50.8,47.5,50.8,49.1,49.5,905.0,263.766,5350919.0
2025-04-30,BRACBANK,49.6,50.2,48.1,48.7,49.6,49.1,533.0,52.845,1071813.0
2025-05-01,BRACBANK,49.6,50.2,48.1,48.7,49.6,49.1,533.0,52.845,1071813.0
2025-05-02,BRACBANK,49.6,50.2,48.1,48.7,49.6,49.1,533.0,52.845,1071813.0
2025-05-03,BRACBANK,49.6,50.2,48.1,48.7,49.6,49.1,533.0,52.845,1071813.0
2025-05-04,BRACBANK,50.0,50.1,49.6,49.6,50.0,49.6,362.0,23.276,466671.0
2025-05-05,BRACBANK,50.6,50.8,49.9,50.2,50.6,50.0,430.0,36.185,719408.0
2025-05-06,BRACBANK,51.8,52.0,50.5,50.6,51.8,50.6,1294.0,201.235,3916863.0
2025-05-07,BRACBANK,51.4,52.1,50.7,51.4,51.4,51.8,914.0,145.821,2827385.0
2025-05-08,BRACBANK,51.9,52.0,50.9,50.9,51.9,51.4,396.0,37.105,717889.0
2025-05-09,BRACBANK,51.9,52.0,50.9,50.9,51.9,51.4,396.0,37.105,717889.0
2025-05-10,BRACBANK,51.9,52.0,50.9,50.9,51.9,51.4,396.0,37.105,717889.0
2025-05-11,BRACBANK,51.9,52.0,50.9,50.9,51.9,51.4,396.0,37.105,717889.0
2025-05-12,BRACBANK,51.9,52.2,51.6,51.9,51.9,51.9,361.0,44.176,850250.0
2025-05-13,BRACBANK,52.0,52.3,51.7,52.0,52.0,51.9,515.0,113.195,2174025.0
2025-05-14,BRACBANK,52.0,52.2,51.8,52.0,52.0,52.0,407.0,100.529,1934000.0
2025-05-15,BRACBANK,52.0,52.0,51.7,51.7,52.0,52.0,316.0,60.989,1173752.0
2025-05-16,BRACBANK,52.0,52.0,51.7,51.7,52.0,52.0,316.0,60.989,1173752.0
2025-05-17,BRACBANK,52.3,52.3,51.9,52.0,52.3,52.0,433.0,132.201,2533025.0
2025-05-18,BRACBANK,52.4,52.5,52.1,52.2,52.4,52.3,287.0,36.474,697217.0
2025-05-19,BRACBANK,52.2,52.4,52.1,52.4,52.2,52.4,369.0,59.214,1134142.0
2025-05-20,BRACBANK,52.9,53.3,51.9,52.2,52.9,52.2,680.0,86.258,1641373.0
2025-05-21,BRACBANK,53.7,53.9,53.0,53.0,53.7,52.9,1025.0,187.342,3483944.0
2025-05-22,BRACBANK,52.8,53.9,52.3,53.8,52.8,53.7,735.0,46.587,880867.0
2025-05-23,BRACBANK,52.8,53.9,52.3,53.8,52.8,53.7,735.0,46.587,880867.0
2025-05-24,BRACBANK,51.9,52.8,51.7,52.8,51.9,52.8,936.0,89.944,1726223.0
2025-05-25,BRACBANK,0.0,0.0,0.0,0.0,51.9,51.9,0.0,0.0,0.0
2025-05-26,BRACBANK,46.8,47.3,45.3,46.8,46.8,51.9,1292.0,88.384,1891134.0
2025-05-27,BRACBANK,45.9,47.1,45.6,46.8,45.9,46.8,982.0,110.259,2378498.0
2025-05-28,BRACBANK,45.9,46.1,45.2,45.8,45.9,45.9,731.0,70.0,1532375.0
2025-05-29,BRACBANK,46.0,46.1,45.1,45.3,46.0,45.9,565.0,51.823,1128979.0
2025-05-30,BRACBANK,46.0,46.1,45.1,45.3,46.0,45.9,565.0,51.823,1128979.0
2025-05-31,BRACBANK,46.0,46.1,45.1,45.3,46.0,45.9,565.0,51.823,1128979.0
2025-06-01,BRACBANK,47.0,47.2,45.8,46.0,47.0,46.0,693.0,58.71,1257312.0
2025-06-02,BRACBANK,47.9,48.4,47.0,47.0,47.9,47.0,1392.0,310.681,6490113.0
2025-06-03,BRACBANK,48.3,48.5,47.2,47.2,48.3,47.9,850.0,181.155,3769169.0
2025-06-04,BRACBANK,49.0,49.2,48.2,48.2,49.0,48.3,1203.0,222.892,4558172.0
2025-06-05,BRACBANK,49.0,49.2,48.2,48.2,49.0,48.3,1203.0,222.892,4558172.0
2025-06-06,BRACBANK,49.0,49.2,48.2,48.2,49.0,48.3,1203.0,222.892,4558172.0
2025-06-07,BRACBANK,49.0,49.2,48.2,48.2,49.0,48.3,1203.0,222.892,4558172.0
2025-06-08,BRACBANK,49.0,49.2,48.2,48.2,49.0,48.3,1203.0,222.892,4558172.0
2025-06-09,BRACBANK,49.0,49.2,48.2,48.2,49.0,48.3,1203.0,222.892,4558172.0
2025-06-10,BRACBANK,49.0,49.2,48.2,48.2,49.0,48.3,1203.0,222.892,4558172.0
2025-06-11,BRACBANK,49.0,49.2,48.2,48.2,49.0,48.3,1203.0,222.892,4558172.0
2025-06-12,BRACBANK,49.0,49.2,48.2,48.2,49.0,48.3,1203.0,222.892,4558172.0
2025-06-13,BRACBANK,49.0,49.2,48.2,48.2,49.0,48.3,1203.0,222.892,4558172.0
2025-06-14,BRACBANK,49.0,49.2,48.2,48.2,49.0,48.3,1203.0,222.892,4558172.0
2025-06-15,BRACBANK,50.2,50.5,48.7,48.7,50.2,49.0,972.0,152.282,3051751.0
2025-06-16,BRACBANK,50.0,50.5,49.8,50.4,50.0,50.2,944.0,199.093,3980186.0
2025-06-17,BRACBANK,49.6,50.2,49.2,50.0,49.6,50.0,774.0,76.009,1533802.0
2025-06-18,BRACBANK,49.7,49.8,49.0,49.2,49.7,49.6,841.0,94.471,1913393.0
2025-06-19,BRACBANK,50.2,50.7,49.2,49.2,50.2,49.7,957.0,117.342,2338418.0
2025-06-20,BRACBANK,50.2,50.7,49.2,49.2,50.2,49.7,957.0,117.342,2338418.0
2025-06-21,BRACBANK,50.2,50.7,49.2,49.2,50.2,49.7,957.0,117.342,2338418.0
2025-06-22,BRACBANK,50.1,50.5,49.0,50.0,50.1,50.2,659.0,84.285,1701434.0
2025-06-23,BRACBANK,50.1,50.4,49.8,49.8,50.1,50.1,1008.0,83.042,1656386.0
2025-06-24,BRACBANK,49.6,50.4,49.5,50.2,49.6,50.1,706.0,70.005,1401865.0
2025-06-25,BRACBANK,49.9,50.1,49.6,49.6,49.9,49.6,704.0,168.831,3383877.0
2025-06-26,BRACBANK,51.1,51.4,49.9,49.9,51.1,49.9,1412.0,170.85,3366858.0
2025-06-27,BRACBANK,51.1,51.4,49.9,49.9,51.1,49.9,1412.0,170.85,3366858.0
2025-06-28,BRACBANK,51.1,51.4,49.9,49.9,51.1,49.9,1412.0,170.85,3366858.0
2025-06-29,BRACBANK,50.3,52.1,49.8,51.1,50.3,51.1,1812.0,370.396,7256920.0
2025-06-30,BRACBANK,50.7,51.3,49.9,50.6,50.7,50.3,1239.0,156.977,3103066.0
2025-07-01,BRACBANK,50.7,51.3,49.9,50.6,50.7,50.3,1239.0,156.977,3103066.0
2025-07-02,BRACBANK,51.2,51.3,50.4,50.5,51.2,50.7,1099.0,145.551,2853628.0
2025-07-03,BRACBANK,53.8,54.0,51.2,51.2,53.8,51.2,2012.0,248.807,4724490.0
2025-07-04,BRACBANK,53.8,54.0,51.2,51.2,53.8,51.2,2012.0,248.807,4724490.0
2025-07-05,BRACBANK,53.8,54.0,51.2,51.2,53.8,51.2,2012.0,248.807,4724490.0
2025-07-06,BRACBANK,53.8,54.0,51.2,51.2,53.8,51.2,2012.0,248.807,4724490.0
2025-07-07,BRACBANK,56.0,56.5,54.0,54.0,56.0,53.8,2325.0,377.774,6811571.0
2025-07-08,BRACBANK,56.0,56.4,55.2,56.0,56.0,56.0,1438.0,141.528,2536246.0
2025-07-09,BRACBANK,56.4,56.7,55.7,56.0,56.4,56.0,1208.0,194.34,3464698.0
2025-07-10,BRACBANK,58.7,59.3,56.4,56.4,58.7,56.4,1821.0,212.495,3652092.0
2025-07-11,BRACBANK,58.7,59.3,56.4,56.4,58.7,56.4,1821.0,212.495,3652092.0
2025-07-12,BRACBANK,58.7,59.3,56.4,56.4,58.7,56.4,1821.0,212.495,3652092.0
2025-07-13,BRACBANK,57.6,59.2,57.0,59.0,57.6,58.7,1166.0,93.882,1614158.0
2025-07-14,BRACBANK,57.4,58.1,56.8,57.6,57.4,57.6,1581.0,142.381,2481586.0
2025-07-15,BRACBANK,57.5,58.0,57.3,57.5,57.5,57.4,1154.0,106.079,1843311.0
2025-07-16,BRACBANK,59.9,60.2,56.2,57.0,59.9,57.5,1889.0,224.519,3797270.0
2025-07-17,BRACBANK,62.7,63.2,60.0,60.0,62.7,59.9,2982.0,461.783,7404959.0
2025-07-18,BRACBANK,62.7,63.2,60.0,60.0,62.7,59.9,2982.0,461.783,7404959.0
2025-07-19,BRACBANK,62.7,63.2,60.0,60.0,62.7,59.9,2982.0,461.783,7404959.0
2025-07-20,BRACBANK,63.8,64.6,61.6,63.0,63.8,62.7,1944.0,204.956,3254883.0
2025-07-21,BRACBANK,63.7,65.4,63.0,64.0,63.7,63.8,2046.0,246.258,3809547.0
2025-07-22,BRACBANK,63.1,63.7,61.9,63.7,63.1,63.7,1799.0,151.627,2413828.0
2025-07-23,BRACBANK,65.2,65.8,63.1,63.5,64.9,63.1,1940.0,336.417,5206349.0
2025-07-24,BRACBANK,68.8,71.3,65.0,65.0,68.8,64.9,2646.0,302.922,4471427.0
2025-07-25,BRACBANK,68.8,71.3,65.0,65.0,68.8,64.9,2646.0,302.922,4471427.0
2025-07-26,BRACBANK,68.8,71.3,65.0,65.0,68.8,64.9,2646.0,302.922,4471427.0
2025-07-27,BRACBANK,67.2,70.0,66.9,69.0,67.2,68.8,2138.0,192.311,2815428.0
2025-07-28,BRACBANK,69.0,70.0,66.6,67.2,69.0,67.2,2158.0,306.821,4444592.0
2025-07-29,BRACBANK,67.6,69.8,67.5,69.2,67.6,69.0,1950.0,240.019,3507841.0
2025-07-30,BRACBANK,69.8,70.2,67.0,67.7,69.8,67.6,2381.0,344.263,5004507.0
2025-07-31,BRACBANK,70.7,73.8,69.6,70.0,70.7,69.8,3089.0,404.386,5616460.0
2025-08-01,BRACBANK,70.7,73.8,69.6,70.0,70.7,69.8,3089.0,404.386,5616460.0
2025-08-02,BRACBANK,70.7,73.8,69.6,70.0,70.7,69.8,3089.0,404.386,5616460.0
2025-08-03,BRACBANK,69.9,71.8,69.0,70.0,69.9,70.7,2232.0,155.982,2226442.0
2025-08-04,BRACBANK,69.9,71.6,69.4,70.0,69.9,69.9,1720.0,169.535,2415230.0
2025-08-05,BRACBANK,69.9,71.6,69.4,70.0,69.9,69.9,1720.0,169.535,2415230.0
2025-08-06,BRACBANK,69.1,70.3,67.8,69.9,69.1,69.9,2113.0,331.193,4819563.0
2025-08-07,BRACBANK,68.2,69.8,67.9,69.8,68.2,69.1,1394.0,129.094,1889499.0
2025-08-08,BRACBANK,68.2,69.8,67.9,69.8,68.2,69.1,1394.0,129.094,1889499.0
2025-08-09,BRACBANK,68.2,69.8,67.9,69.8,68.2,69.1,1394.0,129.094,1889499.0
2025-08-10,BRACBANK,67.0,68.5,66.7,68.5,67.0,68.2,1301.0,95.208,1416863.0
2025-08-11,BRACBANK,68.3,69.0,66.5,67.9,68.3,67.0,1032.0,78.346,1154669.0
2025-08-12,BRACBANK,68.8,71.2,68.0,68.8,68.8,68.3,1718.0,167.611,2405476.0
2025-08-13,BRACBANK,68.5,70.1,68.0,69.0,68.5,68.8,1232.0,199.61,2890401.0
2025-08-14,BRACBANK,68.7,69.6,68.2,69.6,68.7,68.5,817.0,96.361,1400602.0
2025-08-15,BRACBANK,68.7,69.6,68.2,69.6,68.7,68.5,817.0,96.361,1400602.0
2025-08-16,BRACBANK,68.7,69.6,68.2,69.6,68.7,68.5,817.0,96.361,1400602.0
2025-08-17,BRACBANK,69.0,69.8,67.8,69.0,69.0,68.7,838.0,65.232,945303.0
2025-08-18,BRACBANK,68.0,69.7,67.9,69.4,68.0,69.0,1136.0,70.482,1031053.0
2025-08-19,BRACBANK,66.6,68.4,65.1,68.0,66.6,68.0,1753.0,116.8,1738925.0
2025-08-20,BRACBANK,67.9,68.5,66.3,66.6,67.9,66.6,1378.0,92.321,1371807.0
2025-08-21,BRACBANK,67.5,68.0,67.0,68.0,67.5,67.9,783.0,53.628,794226.0
2025-08-22,BRACBANK,67.5,68.0,67.0,68.0,67.5,67.9,783.0,53.628,794226.0
2025-08-23,BRACBANK,67.5,68.0,67.0,68.0,67.5,67.9,783.0,53.628,794226.0
2025-08-24,BRACBANK,67.1,67.8,66.8,67.3,67.1,67.5,895.0,89.647,1336270.0
2025-08-25,BRACBANK,68.8,69.4,67.1,67.4,68.8,67.1,1024.0,115.178,1689595.0
2025-08-26,BRACBANK,68.9,69.5,68.6,69.0,68.9,68.8,966.0,99.576,1442637.0
2025-08-27,BRACBANK,69.1,69.3,68.4,68.6,69.1,68.9,821.0,68.528,993290.0
2025-08-28,BRACBANK,71.4,72.1,69.0,69.0,71.4,69.1,2146.0,191.418,2704979.0
2025-08-29,BRACBANK,71.4,72.1,69.0,69.0,71.4,69.1,2146.0,191.418,2704979.0
2025-08-30,BRACBANK,71.4,72.1,69.0,69.0,71.4,69.1,2146.0,191.418,2704979.0
2025-08-31,BRACBANK,76.5,77.7,71.5,71.5,76.5,71.4,3693.0,278.444,3714503.0
2025-09-01,BRACBANK,78.1,79.4,76.7,78.1,78.1,76.5,1992.0,148.665,1897562.0
2025-09-02,BRACBANK,77.2,78.7,76.1,78.1,77.2,78.1,2102.0,192.567,2494882.0
2025-09-03,BRACBANK,75.8,77.8,75.0,77.2,75.8,77.2,1978.0,165.698,2183952.0
2025-09-04,BRACBANK,73.8,76.0,73.5,76.0,73.8,75.8,2470.0,271.851,3656211.0
2025-09-05,BRACBANK,73.8,76.0,73.5,76.0,73.8,75.8,2470.0,271.851,3656211.0
2025-09-06,BRACBANK,73.8,76.0,73.5,76.0,73.8,75.8,2470.0,271.851,3656211.0
2025-09-07,BRACBANK,75.1,75.5,73.8,73.8,75.1,73.8,1230.0,129.721,1731522.0
2025-09-08,BRACBANK,74.7,75.7,74.3,75.7,74.7,75.1,934.0,91.074,1217045.0
2025-09-09,BRACBANK,73.0,74.9,72.7,74.0,73.0,74.7,1355.0,127.653,1735552.0
2025-09-10,BRACBANK,71.9,73.3,71.1,73.0,71.9,73.0,1077.0,105.466,1458867.0
2025-09-11,BRACBANK,73.5,78.0,71.6,78.0,73.5,71.9,798.0,69.946,961334.0
2025-09-12,BRACBANK,73.5,78.0,71.6,78.0,73.5,71.9,798.0,69.946,961334.0
2025-09-13,BRACBANK,73.5,78.0,71.6,78.0,73.5,71.9,798.0,69.946,961334.0
2025-09-14,BRACBANK,71.5,74.0,71.1,74.0,71.5,73.5,1152.0,51.814,720675.0
2025-09-15,BRACBANK,71.8,72.9,71.5,72.4,71.8,71.5,984.0,54.433,752906.0
2025-09-16,BRACBANK,71.5,72.3,71.2,71.9,71.5,71.8,890.0,64.983,906864.0
2025-09-17,BRACBANK,70.6,71.5,70.0,71.5,70.6,71.5,1284.0,135.886,1912321.0
2025-09-18,BRACBANK,70.4,71.2,70.0,70.4,70.5,70.6,1062.0,48.77,691758.0
2025-09-19,BRACBANK,70.4,71.2,70.0,70.4,70.5,70.6,1062.0,48.77,691758.0
2025-09-20,BRACBANK,70.4,71.2,70.0,70.4,70.5,70.6,1062.0,48.77,691758.0
2025-09-21,BRACBANK,70.6,71.4,70.3,71.0,70.6,70.5,913.0,62.657,883589.0
2025-09-22,BRACBANK,70.2,71.2,69.6,70.6,70.2,70.6,810.0,128.328,1828010.0
2025-09-23,BRACBANK,69.9,70.9,69.5,70.2,69.9,70.2,575.0,23.245,332700.0
2025-09-24,BRACBANK,69.7,70.1,69.5,69.5,69.7,69.9,753.0,48.332,693568.0
2025-09-25,BRACBANK,70.0,72.0,69.8,71.0,70.0,69.7,825.0,28.696,406804.0
2025-09-26,BRACBANK,70.0,72.0,69.8,71.0,70.0,69.7,825.0,28.696,406804.0
2025-09-27,BRACBANK,70.0,72.0,69.8,71.0,70.0,69.7,825.0,28.696,406804.0
2025-09-28,BRACBANK,69.6,70.4,69.3,70.0,69.6,70.0,878.0,21.782,312668.0
2025-09-29,BRACBANK,69.4,69.8,69.0,69.8,69.4,69.6,1045.0,193.901,2795442.0
2025-09-30,BRACBANK,69.5,70.1,69.3,69.6,69.5,69.4,998.0,45.565,654417.0
2025-10-01,BRACBANK,69.5,70.1,69.3,69.6,69.5,69.4,998.0,45.565,654417.0
2025-10-02,BRACBANK,69.5,70.1,69.3,69.6,69.5,69.4,998.0,45.565,654417.0
2025-10-03,BRACBANK,69.5,70.1,69.3,69.6,69.5,69.4,998.0,45.565,654417.0
2025-10-04,BRACBANK,69.5,70.1,69.3,69.6,69.5,69.4,998.0,45.565,654417.0
2025-10-05,BRACBANK,71.2,71.4,69.9,69.9,71.2,69.5,794.0,33.572,473081.0
2025-10-06,BRACBANK,70.9,72.7,70.3,71.1,70.9,71.2,754.0,57.079,799372.0
2025-10-07,BRACBANK,69.7,70.9,69.4,70.9,69.7,70.9,817.0,48.419,692894.0
2025-10-08,BRACBANK,69.6,70.1,69.4,69.7,69.6,69.7,613.0,39.471,566103.0
2025-10-09,BRACBANK,69.7,70.0,69.3,69.5,69.7,69.6,440.0,20.203,289990.0
2025-10-10,BRACBANK,69.7,70.0,69.3,69.5,69.7,69.6,440.0,20.203,289990.0
2025-10-11,BRACBANK,69.7,70.0,69.3,69.5,69.7,69.6,440.0,20.203,289990.0
2025-10-12,BRACBANK,68.2,69.8,67.8,69.7,68.2,69.7,793.0,33.61,488196.0
2025-10-13,BRACBANK,69.0,69.2,68.3,68.5,69.0,68.2,344.0,18.093,262767.0
2025-10-14,BRACBANK,68.4,69.3,68.3,69.3,68.4,69.0,823.0,60.923,885261.0
2025-10-15,BRACBANK,68.3,68.7,68.3,68.4,68.3,68.4,403.0,22.266,325620.0
2025-10-16,BRACBANK,68.6,68.7,68.1,68.5,68.6,68.3,253.0,14.507,211762.0
2025-10-17,BRACBANK,68.6,68.7,68.1,68.5,68.6,68.3,253.0,14.507,211762.0
2025-10-18,BRACBANK,68.6,68.7,68.1,68.5,68.6,68.3,253.0,14.507,211762.0
2025-10-19,BRACBANK,66.4,69.0,61.8,69.0,66.4,68.6,642.0,46.252,696722.0
2025-10-20,BRACBANK,67.4,67.9,65.7,67.9,67.4,66.4,708.0,50.166,750162.0
2025-10-21,BRACBANK,68.6,70.0,67.3,67.6,68.6,67.4,1064.0,101.052,1463435.0
2025-10-22,BRACBANK,69.9,70.0,68.5,68.5,69.9,68.6,683.0,28.617,410595.0
2025-10-23,BRACBANK,71.1,71.4,69.5,70.0,71.1,69.9,849.0,66.274,933713.0
2025-10-24,BRACBANK,71.1,71.4,69.5,70.0,71.1,69.9,849.0,66.274,933713.0
2025-10-25,BRACBANK,71.1,71.4,69.5,70.0,71.1,69.9,849.0,66.274,933713.0
2025-10-26,BRACBANK,70.9,72.8,69.5,71.4,69.9,71.1,1241.0,81.582,1155242.0
2025-10-27,BRACBANK,68.4,70.9,68.1,70.9,68.4,69.9,834.0,74.852,1085325.0
2025-10-28,BRACBANK,69.6,70.5,68.2,70.5,69.0,68.4,1063.0,168.103,2446698.0
2025-10-29,BRACBANK,68.6,70.0,68.4,69.7,68.6,69.0,634.0,40.472,583890.0
2025-10-30,BRACBANK,68.1,69.7,68.0,69.7,68.1,68.6,821.0,42.176,617770.0
2025-10-31,BRACBANK,68.1,69.7,68.0,69.7,68.1,68.6,821.0,42.176,617770.0
2025-11-01,BRACBANK,68.1,69.7,68.0,69.7,68.1,68.6,821.0,42.176,617770.0
2025-11-02,BRACBANK,69.7,69.9,68.2,68.4,69.7,68.1,550.0,24.282,350451.0
2025-11-03,BRACBANK,68.4,69.6,68.3,69.0,68.4,69.7,623.0,26.58,386755.0
2025-11-04,BRACBANK,68.2,69.0,68.0,69.0,68.2,68.4,312.0,48.738,713535.0
2025-11-05,BRACBANK,67.9,68.9,67.8,68.9,67.9,68.2,465.0,36.794,540689.0
2025-11-06,BRACBANK,67.9,68.8,67.4,68.8,67.9,67.9,361.0,106.799,1573233.0
2025-11-07,BRACBANK,67.9,68.8,67.4,68.8,67.9,67.9,361.0,106.799,1573233.0
2025-11-08,BRACBANK,67.9,68.8,67.4,68.8,67.9,67.9,361.0,106.799,1573233.0
2025-11-09,BRACBANK,67.0,69.9,66.3,68.8,66.7,67.9,781.0,25.225,375829.0
2025-11-10,BRACBANK,66.7,68.0,66.3,68.0,66.7,66.7,540.0,18.012,269645.0
2025-11-11,BRACBANK,67.5,68.0,66.7,66.7,67.6,66.7,401.0,23.588,349406.0
2025-11-12,BRACBANK,68.1,68.2,67.4,67.8,68.1,67.6,333.0,10.859,160058.0
2025-11-13,BRACBANK,66.2,67.8,66.0,67.2,66.2,68.1,494.0,16.444,246678.0
2025-11-14,BRACBANK,66.2,67.8,66.0,67.2,66.2,68.1,494.0,16.444,246678.0
2025-11-15,BRACBANK,66.2,67.8,66.0,67.2,66.2,68.1,494.0,16.444,246678.0
2025-11-16,BRACBANK,65.5,66.8,60.0,66.8,65.5,66.2,725.0,50.36,773219.0
2025-11-17,BRACBANK,65.4,66.5,65.0,66.0,65.4,65.5,461.0,24.233,368600.0
2025-11-18,BRACBANK,65.8,67.8,65.6,67.8,65.8,65.4,541.0,23.505,355825.0
2025-11-19,BRACBANK,65.6,67.1,65.4,66.5,65.6,65.8,726.0,119.144,1812298.0
2025-11-20,BRACBANK,65.4,66.3,65.1,65.6,65.4,65.6,561.0,29.06,442870.0
2025-11-21,BRACBANK,65.4,66.3,65.1,65.6,65.4,65.6,561.0,29.06,442870.0
2025-11-22,BRACBANK,65.4,66.3,65.1,65.6,65.4,65.6,561.0,29.06,442870.0
2025-11-23,BRACBANK,65.0,65.4,64.6,65.4,65.0,65.4,693.0,32.044,493383.0
2025-11-24,BRACBANK,66.0,66.0,64.9,65.0,66.0,65.0,934.0,51.588,787368.0
2025-11-25,BRACBANK,65.9,68.0,65.4,66.9,65.9,66.0,1284.0,75.107,1129612.0
2025-11-26,BRACBANK,65.5,66.5,65.2,66.4,65.5,65.9,650.0,25.257,384925.0
2025-11-27,BRACBANK,65.8,66.0,65.5,66.0,65.8,65.5,312.0,11.771,178780.0
2025-11-28,BRACBANK,65.8,66.0,65.5,66.0,65.8,65.5,312.0,11.771,178780.0
2025-11-29,BRACBANK,65.8,66.0,65.5,66.0,65.8,65.5,312.0,11.771,178780.0
2025-11-30,BRACBANK,65.8,66.0,65.6,66.0,65.8,65.8,487.0,25.017,380172.0
2025-12-01,BRACBANK,66.0,66.1,65.2,65.7,66.0,65.8,449.0,18.906,287462.0
2025-12-02,BRACBANK,66.0,66.1,65.7,66.0,66.0,66.0,307.0,5.721,86750.0
2025-12-03,BRACBANK,65.7,66.3,65.2,66.3,65.3,66.0,483.0,27.6,420100.0
2025-12-04,BRACBANK,65.7,65.9,65.1,65.4,65.7,65.3,367.0,12.153,185877.0
2025-12-05,BRACBANK,65.7,65.9,65.1,65.4,65.7,65.3,367.0,12.153,185877.0
2025-12-06,BRACBANK,65.7,65.9,65.1,65.4,65.7,65.3,367.0,12.153,185877.0
2025-12-07,BRACBANK,65.6,66.3,65.5,66.3,65.6,65.7,225.0,10.071,153413.0
2025-12-08,BRACBANK,65.9,66.0,65.3,65.4,65.9,65.6,312.0,22.702,344545.0
2025-12-09,BRACBANK,66.3,67.0,65.8,66.0,66.3,65.9,923.0,41.311,623960.0
2025-12-10,BRACBANK,66.4,67.0,66.3,66.5,66.4,66.3,697.0,34.897,523204.0
2025-12-11,BRACBANK,66.5,70.0,66.0,67.4,66.5,66.4,636.0,46.696,704581.0
2025-12-12,BRACBANK,66.5,70.0,66.0,67.4,66.5,66.4,636.0,46.696,704581.0
2025-12-13,BRACBANK,66.5,70.0,66.0,67.4,66.5,66.4,636.0,46.696,704581.0
2025-12-14,BRACBANK,65.7,66.7,65.4,66.3,65.7,66.5,625.0,49.474,746579.0
2025-12-15,BRACBANK,64.7,66.4,64.4,66.4,64.7,65.7,790.0,58.271,894563.0
2025-12-16,BRACBANK,64.7,66.4,64.4,66.4,64.7,65.7,790.0,58.271,894563.0
2025-12-17,BRACBANK,64.2,65.3,64.0,64.8,64.2,64.7,535.0,16.469,255740.0
2025-12-18,BRACBANK,63.9,64.9,63.7,64.4,63.9,64.2,645.0,24.344,380128.0
2025-12-19,BRACBANK,63.9,64.9,63.7,64.4,63.9,64.2,645.0,24.344,380128.0
2025-12-20,BRACBANK,63.9,64.9,63.7,64.4,63.9,64.2,645.0,24.344,380128.0
2025-12-21,BRACBANK,63.8,64.8,63.3,63.9,63.8,63.9,376.0,16.917,265477.0
2025-12-22,BRACBANK,64.4,64.8,63.7,63.8,64.4,63.8,424.0,16.899,263418.0
2025-12-23,BRACBANK,64.2,65.6,64.0,64.4,64.2,64.4,468.0,14.171,220138.0
2025-12-24,BRACBANK,64.7,64.9,64.0,64.9,64.7,64.2,347.0,10.811,167503.0
2025-12-25,BRACBANK,64.7,64.9,64.0,64.9,64.7,64.2,347.0,10.811,167503.0
2025-12-26,BRACBANK,64.7,64.9,64.0,64.9,64.7,64.2,347.0,10.811,167503.0
2025-12-27,BRACBANK,64.7,64.9,64.0,64.9,64.7,64.2,347.0,10.811,167503.0
2025-12-28,BRACBANK,64.4,65.7,64.1,64.7,64.4,64.7,468.0,19.877,306884.0
2025-12-29,BRACBANK,63.8,65.5,63.2,65.5,63.8,64.4,944.0,50.103,785596.0
2025-12-30,BRACBANK,63.1,64.6,62.9,64.0,63.1,63.8,839.0,28.178,445165.0
2025-12-31,BRACBANK,63.1,64.6,62.9,64.0,63.1,63.8,839.0,28.178,445165.0
2026-01-01,BRACBANK,64.5,64.6,63.2,63.2,64.5,63.1,535.0,18.708,292620.0
2026-01-02,BRACBANK,64.5,64.6,63.2,63.2,64.5,63.1,535.0,18.708,292620.0
2026-01-03,BRACBANK,64.5,64.6,63.2,63.2,64.5,63.1,535.0,18.708,292620.0
2026-01-04,BRACBANK,66.8,67.1,64.5,64.6,66.8,64.5,1452.0,71.359,1078834.0
2026-01-05,BRACBANK,65.3,67.2,64.5,67.0,65.3,66.8,1259.0,65.42,990809.0
2026-01-06,BRACBANK,65.8,66.0,64.9,65.3,65.8,65.3,506.0,17.778,270917.0
2026-01-07,BRACBANK,67.6,67.9,65.9,66.2,67.6,65.8,1106.0,76.105,1132507.0
2026-01-08,BRACBANK,67.1,68.0,66.5,67.6,67.1,67.6,1073.0,65.73,974302.0
2026-01-09,BRACBANK,67.1,68.0,66.5,67.6,67.1,67.6,1073.0,65.73,974302.0
2026-01-10,BRACBANK,67.1,68.0,66.5,67.6,67.1,67.6,1073.0,65.73,974302.0
2026-01-11,BRACBANK,66.8,67.4,66.1,67.4,66.8,67.1,603.0,22.306,333930.0
2026-01-12,BRACBANK,66.7,66.9,66.3,66.5,66.7,66.8,777.0,31.685,475466.0
2026-01-13,BRACBANK,66.7,67.0,66.5,67.0,66.7,66.7,464.0,14.413,215915.0
2026-01-14,BRACBANK,66.5,66.9,66.2,66.7,66.5,66.7,395.0,17.355,260690.0
2026-01-15,BRACBANK,66.9,67.1,66.5,66.5,66.9,66.5,444.0,22.235,332093.0
2026-01-16,BRACBANK,66.9,67.1,66.5,66.5,66.9,66.5,444.0,22.235,332093.0
2026-01-17,BRACBANK,66.9,67.1,66.5,66.5,66.9,66.5,444.0,22.235,332093.0
2026-01-18,BRACBANK,69.7,70.2,66.6,66.6,69.7,66.9,1921.0,165.0,2401474.0
2026-01-19,BRACBANK,71.0,74.9,69.4,74.9,71.0,69.7,1981.0,125.391,1775160.0
2026-01-20,BRACBANK,70.3,77.4,70.0,77.4,70.3,71.0,1182.0,96.113,1357817.0
2026-01-21,BRACBANK,70.0,70.7,69.6,70.4,70.0,70.3,725.0,46.254,660233.0
2026-01-22,BRACBANK,70.1,70.4,69.6,70.0,70.1,70.0,511.0,31.661,451895.0
2026-01-23,BRACBANK,70.1,70.4,69.6,70.0,70.1,70.0,511.0,31.661,451895.0
2026-01-24,BRACBANK,70.1,70.4,69.6,70.0,70.1,70.0,511.0,31.661,451895.0
2026-01-25,BRACBANK,70.1,71.0,69.8,70.1,70.1,70.1,705.0,41.813,593720.0
2026-01-26,BRACBANK,70.1,70.1,69.8,69.9,69.9,70.1,395.0,28.761,411354.0
2026-01-27,BRACBANK,72.0,73.2,70.1,70.1,72.0,69.9,1055.0,89.501,1241468.0
2026-01-28,BRACBANK,73.8,74.7,72.0,72.0,73.8,72.0,2199.0,281.018,3809730.0
2026-01-29,BRACBANK,74.0,74.7,73.1,73.8,74.0,73.8,1201.0,67.123,905964.0
2026-01-30,BRACBANK,74.0,74.7,73.1,73.8,74.0,73.8,1201.0,67.123,905964.0
2026-01-31,BRACBANK,74.0,74.7,73.1,73.8,74.0,73.8,1201.0,67.123,905964.0
2026-02-01,BRACBANK,76.0,76.1,73.9,74.0,76.0,74.0,1801.0,198.874,2636574.0
2026-02-02,BRACBANK,77.9,78.2,76.0,76.0,77.9,76.0,2022.0,298.173,3861282.0
2026-02-03,BRACBANK,77.2,78.0,76.6,77.9,77.2,77.9,1921.0,155.118,2006036.0
2026-02-04,BRACBANK,77.2,78.0,76.6,77.9,77.2,77.9,1921.0,155.118,2006036.0
2026-02-05,BRACBANK,75.5,77.2,74.7,77.2,75.5,77.2,1433.0,188.305,2466813.0
2026-02-06,BRACBANK,75.5,77.2,74.7,77.2,75.5,77.2,1433.0,188.305,2466813.0
2026-02-07,BRACBANK,75.5,77.2,74.7,77.2,75.5,77.2,1433.0,188.305,2466813.0
2026-02-08,BRACBANK,75.0,75.7,74.6,75.5,75.0,75.5,1363.0,103.223,1374350.0
2026-02-09,BRACBANK,76.2,76.5,75.0,75.2,76.2,75.0,1245.0,140.441,1845926.0
2026-02-10,BRACBANK,78.6,78.9,76.4,76.5,78.6,76.2,2288.0,307.343,3931834.0
2026-02-11,BRACBANK,78.6,78.9,76.4,76.5,78.6,76.2,2288.0,307.343,3931834.0
2026-02-12,BRACBANK,78.6,78.9,76.4,76.5,78.6,76.2,2288.0,307.343,3931834.0
2026-02-13,BRACBANK,78.6,78.9,76.4,76.5,78.6,76.2,2288.0,307.343,3931834.0
2026-02-14,BRACBANK,78.6,78.9,76.4,76.5,78.6,76.2,2288.0,307.343,3931834.0
2026-02-15,BRACBANK,82.1,82.6,79.1,79.8,82.1,78.6,1829.0,308.705,3782083.0
2026-02-16,BRACBANK,81.6,82.6,80.9,82.5,81.6,82.1,1855.0,283.666,3473810.0
2026-02-17,BRACBANK,81.1,81.7,80.4,81.7,81.1,81.6,2132.0,238.077,2938350.0
2026-02-18,BRACBANK,81.5,81.9,79.9,81.1,81.5,81.1,1852.0,181.333,2236188.0
2026-02-19,BRACBANK,82.9,84.8,81.1,81.5,82.9,81.5,2402.0,227.038,2740587.0
2026-02-20,BRACBANK,82.9,84.8,81.1,81.5,82.9,81.5,2402.0,227.038,2740587.0
2026-02-21,BRACBANK,82.9,84.8,81.1,81.5,82.9,81.5,2402.0,227.038,2740587.0
2026-02-22,BRACBANK,86.6,87.0,82.8,82.8,86.6,82.9,1809.0,236.238,2771573.0
2026-02-23,BRACBANK,87.2,89.3,85.8,86.6,87.2,86.6,2383.0,275.396,3137088.0
2026-02-24,BRACBANK,88.7,89.3,85.2,87.2,88.7,87.2,2776.0,353.317,4017730.0
2026-02-25,BRACBANK,89.1,89.6,88.0,88.0,89.1,88.7,1678.0,187.783,2116848.0
2026-02-26,BRACBANK,87.5,89.2,86.6,89.1,87.5,89.1,2463.0,261.222,2977472.0
2026-02-27,BRACBANK,87.5,89.2,86.6,89.1,87.5,89.1,2463.0,261.222,2977472.0
2026-02-28,BRACBANK,87.5,89.2,86.6,89.1,87.5,89.1,2463.0,261.222,2977472.0
2026-03-01,BRACBANK,84.0,87.0,80.0,87.0,84.0,87.5,1772.0,185.668,2206531.0
2026-03-02,BRACBANK,82.7,85.4,81.8,84.0,82.7,84.0,2817.0,331.175,3951197.0
2026-03-03,BRACBANK,79.0,82.7,77.9,82.7,79.0,82.7,2642.0,239.613,3010059.0
2026-03-04,BRACBANK,79.7,80.6,77.0,78.0,79.7,79.0,1462.0,127.359,1604741.0
2026-03-05,BRACBANK,77.2,80.1,77.0,79.7,77.2,79.7,948.0,36.699,471884.0
2026-03-06,BRACBANK,77.2,80.1,77.0,79.7,77.2,79.7,948.0,36.699,471884.0
2026-03-07,BRACBANK,77.2,80.1,77.0,79.7,77.2,79.7,948.0,36.699,471884.0
2026-03-08,BRACBANK,70.7,77.1,70.1,77.1,70.7,77.2,2923.0,224.801,3082264.0
2026-03-09,BRACBANK,74.3,75.5,70.1,70.5,74.3,70.7,1792.0,137.706,1891820.0
2026-03-10,BRACBANK,78.9,80.0,74.6,75.4,78.9,74.3,1931.0,217.454,2796054.0
2026-03-11,BRACBANK,76.9,79.0,76.2,78.9,76.9,78.9,1841.0,135.637,1758471.0
2026-03-12,BRACBANK,78.2,79.2,76.2,77.0,78.2,76.9,1160.0,87.927,1126617.0
2026-03-13,BRACBANK,78.2,79.2,76.2,77.0,78.2,76.9,1160.0,87.927,1126617.0
2026-03-14,BRACBANK,78.2,79.2,76.2,77.0,78.2,76.9,1160.0,87.927,1126617.0
2026-03-15,BRACBANK,75.6,79.4,75.0,78.2,75.6,78.2,2754.0,150.097,1947363.0
2026-03-16,BRACBANK,75.3,76.9,74.9,75.7,75.3,75.6,2332.0,132.085,1753108.0
2026-03-17,BRACBANK,75.3,76.9,74.9,75.7,75.3,75.6,2332.0,132.085,1753108.0
2026-03-18,BRACBANK,75.3,76.9,74.9,75.7,75.3,75.6,2332.0,132.085,1753108.0
2026-03-19,BRACBANK,75.3,76.9,74.9,75.7,75.3,75.6,2332.0,132.085,1753108.0
2026-03-20,BRACBANK,75.3,76.9,74.9,75.7,75.3,75.6,2332.0,132.085,1753108.0
2026-03-21,BRACBANK,75.3,76.9,74.9,75.7,75.3,75.6,2332.0,132.085,1753108.0
2026-03-22,BRACBANK,75.3,76.9,74.9,75.7,75.3,75.6,2332.0,132.085,1753108.0
2026-03-23,BRACBANK,75.3,76.9,74.9,75.7,75.3,75.6,2332.0,132.085,1753108.0
2026-03-24,BRACBANK,70.7,75.4,70.0,75.3,70.7,75.3,4577.0,170.805,2365521.0
2026-03-25,BRACBANK,71.4,72.5,70.0,70.7,71.4,70.7,3197.0,152.657,2145757.0
2026-03-26,BRACBANK,71.4,72.5,70.0,70.7,71.4,70.7,3197.0,152.657,2145757.0
2026-03-27,BRACBANK,71.4,72.5,70.0,70.7,71.4,70.7,3197.0,152.657,2145757.0
2026-03-28,BRACBANK,71.4,72.5,70.0,70.7,71.4,70.7,3197.0,152.657,2145757.0
2026-03-29,BRACBANK,70.9,71.7,70.2,71.7,70.9,71.4,1570.0,59.955,844991.0
2026-03-30,BRACBANK,68.2,71.3,67.8,70.8,68.2,70.9,3561.0,174.11,2504238.0
2026-03-31,BRACBANK,67.0,69.0,65.0,69.0,67.0,68.2,4322.0,256.484,3871365.0
2026-04-01,BRACBANK,71.6,72.0,67.4,67.4,71.6,67.0,2312.0,119.648,1702027.0
2026-04-02,BRACBANK,69.5,71.8,69.0,71.7,69.5,71.6,2627.0,113.392,1615440.0
2026-04-03,BRACBANK,69.5,71.8,69.0,71.7,69.5,71.6,2627.0,113.392,1615440.0
2026-04-04,BRACBANK,69.5,71.8,69.0,71.7,69.5,71.6,2627.0,113.392,1615440.0
2026-04-05,BRACBANK,67.3,69.8,67.1,69.8,67.3,69.5,1885.0,65.877,972351.0
2026-04-06,BRACBANK,68.2,69.3,67.7,68.4,68.2,67.3,1146.0,66.515,971519.0
2026-04-07,BRACBANK,69.1,70.0,68.2,68.2,69.1,68.2,984.0,47.678,690614.0
2026-04-08,BRACBANK,73.2,73.5,70.8,70.8,73.2,69.1,3133.0,268.152,3687698.0
2026-04-09,BRACBANK,71.8,73.0,71.0,73.0,71.8,73.2,1369.0,81.368,1134075.0
